, 0rand1,rand2,rand3,rand4,class
144552912,9.3498486,56.7408757,17.0527715677876, 1
144552912,9.3501884,56.7406785,17.614840244389, 2
144552912,9.3505485,56.7405445,18.08353563951, 0
144552912,9.3508058,56.7404845,18.2794652530352, 0
144552912,9.3510534,56.7404863,18.4229736146099, 1
144552912,9.3514747,56.7405022,19.1248885940143, 1
144552912,9.3521273,56.7405585,19.5905926656897, 2